-- phpMyAdmin SQL Dump
-- version 5.0.2
-- https://www.phpmyadmin.net/
--
-- Host: 127.0.0.1
-- Generation Time: Aug 24, 2020 at 08:08 AM
-- Server version: 10.4.13-MariaDB
-- PHP Version: 7.2.31
SET
  SQL_MODE = "NO_AUTO_VALUE_ON_ZERO";

START TRANSACTION;

SET
  time_zone = "+00:00";

/*!40101 SET @OLD_CHARACTER_SET_CLIENT=@@CHARACTER_SET_CLIENT */
;

/*!40101 SET @OLD_CHARACTER_SET_RESULTS=@@CHARACTER_SET_RESULTS */
;

/*!40101 SET @OLD_COLLATION_CONNECTION=@@COLLATION_CONNECTION */
;

/*!40101 SET NAMES utf8mb4 */
;

--
-- Database: `aplikasi_cpi`
--
-- --------------------------------------------------------
--
-- Table structure for table `guru`
--
CREATE TABLE `guru` (
  `id_guru` varchar(10) NOT NULL,
  `nm_guru` varchar(20) DEFAULT NULL,
  `jenkel` varchar(20) DEFAULT NULL,
  `alamat` varchar(50) NOT NULL
) ENGINE = InnoDB DEFAULT CHARSET = utf8mb4;

--
-- Dumping data for table `guru`
--
INSERT INTO
  `guru` (`id_guru`, `nm_guru`, `jenkel`, `alamat`)
VALUES
('G01', 'Annas Lumbantobing ', 'Laki-laki', 'Sidoarjo'),
('G02', 'Drijen', 'Laki-laki', 'Sidoarjo'),
('G03', 'Emi Amalia ', 'Perempuan', 'Sidoarjo'),
('G04', 'Endi', 'Laki-laki', 'Sidoarjo'),
('G05', 'Sulton Nuddin Faqih', 'Laki-laki', 'Sidoarjo'),
('G06', 'Ismali Ali', 'Laki-laki', 'Sidoarjo'),
('G07', 'Hamdani H.M ', 'Laki-laki', 'Sidoarjo'),
('G08', 'Hariyanto', 'Laki-laki', 'Sidoarjo'),
('G09', 'Herlis Libanon ', 'Laki-laki', 'Sidoarjo'),
('G10', 'Ika Dewayani ', 'Perempuan', 'Sidoarjo'),
('G11', 'Indah Agoestina Iria', 'Perempuan', 'Sidoarjo'),
('G12', 'Lasma Sitanggang ', 'Laki-laki', 'Sidoarjo'),
('G13', 'Muhamad Zain ', 'Laki-laki', 'Sidoarjo'),
('G14', 'Mangatas Haposan ', 'Laki-laki', 'Sidoarjo'),
('G15', 'Meriana Sinaga ', 'Perempuan', 'Sidoarjo'),
('G16', 'Misyani', 'Perempuan', 'Sidoarjo'),
('G17', 'Ibnu Athoillah ', 'Laki-laki', 'Sidoarjo'),
('G18', 'Mugi Santoso', 'Laki-laki', 'Sidoarjo'),
('G19', 'Nunung Nurjana', 'Perempuan', 'Sidoarjo'),
('G20', 'Nurmala Meirta Situm', 'Perempuan', 'Sidoarjo'),
('G21', 'Pramono ', 'Laki-laki', 'Sidoarjo'),
('G22', 'Refniati', 'Perempuan', 'Sidoarjo'),
('G23', 'Rita Yulmiati', 'Perempuan', 'Sidoarjo'),
('G24', 'Setyorini Nurul Safi', 'Perempuan', 'Sidoarjo'),
('G25', 'Sigit Wicaksono Budi', 'Laki-laki', 'Sidoarjo'),
('G26', 'Sugeng Rusmantono', 'Laki-laki', 'Sidoarjo'),
('G27', 'Titik Rahmawati ', 'Perempuan', 'Sidoarjo'),
('G28', 'Umi Harti', 'Perempuan', 'Sidoarjo'),
('G29', 'Wiwik Setyarini', 'Perempuan', 'Sidoarjo'),
('G30', 'Wiwit Hariyanti', 'Perempuan', 'Sidoarjo'),
('G31', 'Yenni Zirta', 'Perempuan', 'Sidoarjo');

-- --------------------------------------------------------
--
-- Table structure for table `kinerja`
--
CREATE TABLE `kinerja` (
  `id_kinerja` varchar(10) NOT NULL,
  `tgl_kinerja` date NOT NULL,
  `periode` char(4) NOT NULL,
  `nil_akhir` float NOT NULL,
  `id_guru` varchar(10) NOT NULL,
  `id_user` varchar(10) NOT NULL
) ENGINE = InnoDB DEFAULT CHARSET = utf8mb4;

--
-- Dumping data for table `kinerja`
--
INSERT INTO
  `kinerja` (
    `id_kinerja`,
    `tgl_kinerja`,
    `periode`,
    `nil_akhir`,
    `id_guru`,
    `id_user`
  )
VALUES
  ('KJ01', '2023-12-12', '2023', '0', 'G01', 'US01'),
  ('KJ02', '2023-12-12', '2023', '0', 'G02', 'US01'),
  ('KJ03', '2023-12-12', '2023', '0', 'G03', 'US01'),
  ('KJ04', '2023-12-12', '2023', '0', 'G04', 'US01'),
  ('KJ05', '2023-12-12', '2023', '0', 'G05', 'US01'),
  ('KJ06', '2023-12-12', '2023', '0', 'G06', 'US01'),
  ('KJ07', '2023-12-12', '2023', '0', 'G07', 'US01'),
  ('KJ08', '2023-12-12', '2023', '0', 'G08', 'US01'),
  ('KJ09', '2023-12-12', '2023', '0', 'G09', 'US01'),
  ('KJ10', '2023-12-12', '2023', '0', 'G10', 'US01'),
  ('KJ11', '2023-12-12', '2023', '0', 'G11', 'US01'),
  ('KJ12', '2023-12-12', '2023', '0', 'G12', 'US01'),
  ('KJ13', '2023-12-12', '2023', '0', 'G13', 'US01'),
  ('KJ14', '2023-12-12', '2023', '0', 'G14', 'US01'),
  ('KJ15', '2023-12-12', '2023', '0', 'G15', 'US01'),
  ('KJ16', '2023-12-12', '2023', '0', 'G16', 'US01'),
  ('KJ17', '2023-12-12', '2023', '0', 'G17', 'US01'),
  ('KJ18', '2023-12-12', '2023', '0', 'G18', 'US01'),
  ('KJ19', '2023-12-12', '2023', '0', 'G19', 'US01'),
  ('KJ20', '2023-12-12', '2023', '0', 'G20', 'US01'),
  ('KJ21', '2023-12-12', '2023', '0', 'G21', 'US01'),
  ('KJ22', '2023-12-12', '2023', '0', 'G22', 'US01'),
  ('KJ23', '2023-12-12', '2023', '0', 'G23', 'US01'),
  ('KJ24', '2023-12-12', '2023', '0', 'G24', 'US01'),
  ('KJ25', '2023-12-12', '2023', '0', 'G25', 'US01'),
  ('KJ26', '2023-12-12', '2023', '0', 'G26', 'US01'),
  ('KJ27', '2023-12-12', '2023', '0', 'G27', 'US01'),
  ('KJ28', '2023-12-12', '2023', '0', 'G28', 'US01'),
  ('KJ29', '2023-12-12', '2023', '0', 'G29', 'US01'),
  ('KJ30', '2023-12-12', '2023', '0', 'G30', 'US01'),
  ('KJ31', '2023-12-12', '2023', '0', 'G31', 'US01');

-- --------------------------------------------------------
--
-- Table structure for table `kriteria`
--
CREATE TABLE `kriteria` (
  `id_kriteria` varchar(10) NOT NULL,
  `nm_kriteria` varchar(40) DEFAULT NULL,
  `tren` varchar(20) DEFAULT NULL,
  `bobot` int(11) DEFAULT NULL
) ENGINE = InnoDB DEFAULT CHARSET = utf8mb4;

--
-- Dumping data for table `kriteria`
--
INSERT INTO
  `kriteria` (`id_kriteria`, `nm_kriteria`, `tren`, `bobot`)
VALUES
  ('KR01', 'C1', 'Positif', 5),
  ('KR02', 'C2', 'Positif', 10),
  ('KR03', 'C3', 'Positif', 10),
  ('KR04', 'C4', 'Positif', 5),
  ('KR05', 'C5', 'Positif', 5),
  ('KR06', 'C6', 'Positif', 5),
  ('KR07', 'C7', 'Positif', 10),
  ('KR08', 'C8', 'Negatif', 5),
  ('KR09', 'C9', 'Negatif', 5),
  ('KR10', 'C10', 'Positif', 10),
  ('KR11', 'C11', 'Negatif', 10),
  ('KR12', 'C12', 'Negatif', 5),
  ('KR13', 'C13', 'Positif', 10),
  ('KR14', 'C14', 'Positif', 5);

-- --------------------------------------------------------
--
-- Table structure for table `nilai`
--
CREATE TABLE `nilai` (
  `id_nilai` int(11) NOT NULL,
  `id_kriteria` varchar(10) NOT NULL,
  `id_kinerja` varchar(10) NOT NULL,
  `nilai` int(11) NOT NULL,
  `nil_hitung` float NOT NULL
) ENGINE = InnoDB DEFAULT CHARSET = utf8mb4;

--
-- Dumping data for table `nilai`
--
INSERT INTO
  `nilai` (
    `id_nilai`,
    `id_kriteria`,
    `id_kinerja`,
    `nilai`,
    `nil_hitung`
  )
VALUES
-- 1) ANNAS LUMBANTOBING 
    ('1', 'KR01', 'KJ01', '67', ''),
    ('2', 'KR02', 'KJ01', '67', ''),
    ('3', 'KR03', 'KJ01', '88', ''),
    ('4', 'KR04', 'KJ01', '82', ''),
    ('5', 'KR05', 'KJ01', '71', ''),
    ('6', 'KR06', 'KJ01', '67', ''),
    ('7', 'KR07', 'KJ01', '80', ''),
    ('8', 'KR08', 'KJ01', '80', ''),
    ('9', 'KR09', 'KJ01', '100', ''),
    ('10', 'KR10', 'KJ01', '75', ''),
    ('11', 'KR11', 'KJ01', '67', ''),
    ('12', 'KR12', 'KJ01', '83', ''),
    ('13', 'KR13', 'KJ01', '50', ''),
    ('14', 'KR14', 'KJ01', '50', ''),

-- 2) DRIJEN
    ('15', 'KR01', 'KJ02', '92', ''),
    ('16', 'KR02', 'KJ02', '67', ''),
    ('17', 'KR03', 'KJ02', '63', ''),
    ('18', 'KR04', 'KJ02', '91', ''),
    ('19', 'KR05', 'KJ02', '64', ''),
    ('20', 'KR06', 'KJ02', '67', ''),
    ('21', 'KR07', 'KJ02', '70', ''),
    ('22', 'KR08', 'KJ02', '80', ''),
    ('23', 'KR09', 'KJ02', '70', ''),
    ('24', 'KR10', 'KJ02', '69', ''),
    ('25', 'KR11', 'KJ02', '83', ''),
    ('26', 'KR12', 'KJ02', '67', ''),
    ('27', 'KR13', 'KJ02', '50', ''),
    ('28', 'KR14', 'KJ02', '50', ''),

-- 3) EMI AMALIA 
    ('29', 'KR01', 'KJ03', '83', ''),
    ('30', 'KR02', 'KJ03', '67', ''),
    ('31', 'KR03', 'KJ03', '63', ''),
    ('32', 'KR04', 'KJ03', '91', ''),
    ('33', 'KR05', 'KJ03', '71', ''),
    ('34', 'KR06', 'KJ03', '83', ''),
    ('35', 'KR07', 'KJ03', '80', ''),
    ('36', 'KR08', 'KJ03', '100', ''),
    ('37', 'KR09', 'KJ03', '100', ''),
    ('38', 'KR10', 'KJ03', '75', ''),
    ('39', 'KR11', 'KJ03', '67', ''),
    ('40', 'KR12', 'KJ03', '50', ''),
    ('41', 'KR13', 'KJ03', '67', ''),
    ('42', 'KR14', 'KJ03', '50', ''),

-- 4) ENDI
    ('43', 'KR01', 'KJ04', '67', ''),
    ('44', 'KR02', 'KJ04', '67', ''),
    ('45', 'KR03', 'KJ04', '88', ''),
    ('46', 'KR04', 'KJ04', '82', ''),
    ('47', 'KR05', 'KJ04', '71', ''),
    ('48', 'KR06', 'KJ04', '67', ''),
    ('49', 'KR07', 'KJ04', '80', ''),
    ('50', 'KR08', 'KJ04', '80', ''),
    ('51', 'KR09', 'KJ04', '100', ''),
    ('52', 'KR10', 'KJ04', '75', ''),
    ('53', 'KR11', 'KJ04', '67', ''),
    ('54', 'KR12', 'KJ04', '83', ''),
    ('55', 'KR13', 'KJ04', '50', ''),
    ('56', 'KR14', 'KJ04', '50', ''),

-- 5) SULTON NUDDIN FAQIH
    ('57', 'KR01', 'KJ05', '92', ''),
    ('58', 'KR02', 'KJ05', '67', ''),
    ('59', 'KR03', 'KJ05', '63', ''),
    ('60', 'KR04', 'KJ05', '91', ''),
    ('61', 'KR05', 'KJ05', '64', ''),
    ('62', 'KR06', 'KJ05', '67', ''),
    ('63', 'KR07', 'KJ05', '70', ''),
    ('64', 'KR08', 'KJ05', '80', ''),
    ('65', 'KR09', 'KJ05', '70', ''),
    ('66', 'KR10', 'KJ05', '69', ''),
    ('67', 'KR11', 'KJ05', '83', ''),
    ('68', 'KR12', 'KJ05', '67', ''),
    ('69', 'KR13', 'KJ05', '50', ''),
    ('70', 'KR14', 'KJ05', '50', ''),

-- 6) ISMAIL ALI 
    ('71', 'KR01', 'KJ06', '67', ''),
    ('72', 'KR02', 'KJ06', '83', ''),
    ('73', 'KR03', 'KJ06', '88', ''),
    ('74', 'KR04', 'KJ06', '91', ''),
    ('75', 'KR05', 'KJ06', '86', ''),
    ('76', 'KR06', 'KJ06', '83', ''),
    ('77', 'KR07', 'KJ06', '80', ''),
    ('78', 'KR08', 'KJ06', '80', ''),
    ('79', 'KR09', 'KJ06', '70', ''),
    ('80', 'KR10', 'KJ06', '69', ''),
    ('81', 'KR11', 'KJ06', '83', ''),
    ('82', 'KR12', 'KJ06', '33', ''),
    ('83', 'KR13', 'KJ06', '50', ''),
    ('84', 'KR14', 'KJ06', '67', ''),

-- 7) HAMDANI H.M
    ('85', 'KR01', 'KJ07', '67', ''),
    ('86', 'KR02', 'KJ07', '83', ''),
    ('87', 'KR03', 'KJ07', '88', ''),
    ('88', 'KR04', 'KJ07', '68', ''),
    ('89', 'KR05', 'KJ07', '86', ''),
    ('90', 'KR06', 'KJ07', '83', ''),
    ('91', 'KR07', 'KJ07', '70', ''),
    ('92', 'KR08', 'KJ07', '80', ''),
    ('93', 'KR09', 'KJ07', '70', ''),
    ('94', 'KR10', 'KJ07', '69', ''),
    ('95', 'KR11', 'KJ07', '83', ''),
    ('96', 'KR12', 'KJ07', '33', ''),
    ('97', 'KR13', 'KJ07', '50', ''),
    ('98', 'KR14', 'KJ07', '67', ''),

-- 8) HARIYANTO 
    ('99', 'KR01', 'KJ08', '92', ''),
    ('100', 'KR02', 'KJ08', '67', ''),
    ('101', 'KR03', 'KJ08', '63', ''),
    ('102', 'KR04', 'KJ08', '91', ''),
    ('103', 'KR05', 'KJ08', '86', ''),
    ('104', 'KR06', 'KJ08', '83', ''),
    ('105', 'KR07', 'KJ08', '80', ''),
    ('106', 'KR08', 'KJ08', '80', ''),
    ('107', 'KR09', 'KJ08', '70', ''),
    ('108', 'KR10', 'KJ08', '69', ''),
    ('109', 'KR11', 'KJ08', '83', ''),
    ('110', 'KR12', 'KJ08', '33', ''),
    ('111', 'KR13', 'KJ08', '50', ''),
    ('112', 'KR14', 'KJ08', '67', ''),

-- 9) HERLIS LIBANON 
    ('113', 'KR01', 'KJ09', '67', ''),
    ('114', 'KR02', 'KJ09', '67', ''),
    ('115', 'KR03', 'KJ09', '63', ''),
    ('116', 'KR04', 'KJ09', '73', ''),
    ('117', 'KR05', 'KJ09', '79', ''),
    ('118', 'KR06', 'KJ09', '100', ''),
    ('119', 'KR07', 'KJ09', '100', ''),
    ('120', 'KR08', 'KJ09', '100', ''),
    ('121', 'KR09', 'KJ09', '70', ''),
    ('122', 'KR10', 'KJ09', '63', ''),
    ('123', 'KR11', 'KJ09', '67', ''),
    ('124', 'KR12', 'KJ09', '67', ''),
    ('125', 'KR13', 'KJ09', '67', ''),
    ('126', 'KR14', 'KJ09', '58', ''),

-- 10) IKA DEWAYANI 
    ('127', 'KR01', 'KJ10', '83', ''),
    ('128', 'KR02', 'KJ10', '67', ''),
    ('129', 'KR03', 'KJ10', '63', ''),
    ('130', 'KR04', 'KJ10', '82', ''),
    ('131', 'KR05', 'KJ10', '71', ''),
    ('132', 'KR06', 'KJ10', '67', ''),
    ('133', 'KR07', 'KJ10', '90', ''),
    ('134', 'KR08', 'KJ10', '70', ''),
    ('135', 'KR09', 'KJ10', '100', ''),
    ('136', 'KR10', 'KJ10', '88', ''),
    ('137', 'KR11', 'KJ10', '83', ''),
    ('138', 'KR12', 'KJ10', '83', ''),
    ('139', 'KR13', 'KJ10', '67', ''),
    ('140', 'KR14', 'KJ10', '67', ''),

-- 11) INDAH AGOESTINA IRIANTIN 
    ('141', 'KR01', 'KJ11', '83', ''),
    ('142', 'KR02', 'KJ11', '67', ''),
    ('143', 'KR03', 'KJ11', '63', ''),
    ('144', 'KR04', 'KJ11', '73', ''),
    ('145', 'KR05', 'KJ11', '71', ''),
    ('146', 'KR06', 'KJ11', '83', ''),
    ('147', 'KR07', 'KJ11', '80', ''),
    ('148', 'KR08', 'KJ11', '100', ''),
    ('149', 'KR09', 'KJ11', '100', ''),
    ('150', 'KR10', 'KJ11', '75', ''),
    ('151', 'KR11', 'KJ11', '67', ''),
    ('152', 'KR12', 'KJ11', '50', ''),
    ('153', 'KR13', 'KJ11', '67', ''),
    ('154', 'KR14', 'KJ11', '75', ''),

-- 12) LASMA SITANGGANG
    ('155', 'KR01', 'KJ12', '75', ''),
    ('156', 'KR02', 'KJ12', '67', ''),
    ('157', 'KR03', 'KJ12', '50', ''),
    ('158', 'KR04', 'KJ12', '82', ''),
    ('159', 'KR05', 'KJ12', '71', ''),
    ('160', 'KR06', 'KJ12', '67', ''),
    ('161', 'KR07', 'KJ12', '60', ''),
    ('162', 'KR08', 'KJ12', '80', ''),
    ('163', 'KR09', 'KJ12', '100', ''),
    ('164', 'KR10', 'KJ12', '75', ''),
    ('165', 'KR11', 'KJ12', '83', ''),
    ('166', 'KR12', 'KJ12', '83', ''),
    ('167', 'KR13', 'KJ12', '67', ''),
    ('168', 'KR14', 'KJ12', '50', ''),

-- 13) MUHAMAD ZAIN
    ('169', 'KR01', 'KJ13', '92', ''),
    ('170', 'KR02', 'KJ13', '67', ''),
    ('171', 'KR03', 'KJ13', '63', ''),
    ('172', 'KR04', 'KJ13', '91', ''),
    ('173', 'KR05', 'KJ13', '64', ''),
    ('174', 'KR06', 'KJ13', '67', ''),
    ('175', 'KR07', 'KJ13', '70', ''),
    ('176', 'KR08', 'KJ13', '80', ''),
    ('177', 'KR09', 'KJ13', '70', ''),
    ('178', 'KR10', 'KJ13', '69', ''),
    ('179', 'KR11', 'KJ13', '83', ''),
    ('180', 'KR12', 'KJ13', '67', ''),
    ('181', 'KR13', 'KJ13', '50', ''),
    ('182', 'KR14', 'KJ13', '50', ''),

-- 14) MANGATAS HAPOSAN 
    ('183', 'KR01', 'KJ14', '75', ''),
    ('184', 'KR02', 'KJ14', '67', ''),
    ('185', 'KR03', 'KJ14', '63', ''),
    ('186', 'KR04', 'KJ14', '82', ''),
    ('187', 'KR05', 'KJ14', '79', ''),
    ('188', 'KR06', 'KJ14', '100', ''),
    ('189', 'KR07', 'KJ14', '70', ''),
    ('190', 'KR08', 'KJ14', '100', ''),
    ('191', 'KR09', 'KJ14', '70', ''),
    ('192', 'KR10', 'KJ14', '75', ''),
    ('193', 'KR11', 'KJ14', '67', ''),
    ('194', 'KR12', 'KJ14', '83', ''),
    ('195', 'KR13', 'KJ14', '67', ''),
    ('196', 'KR14', 'KJ14', '67', ''),

-- 15) MERIANA SINAGA
    ('197', 'KR01', 'KJ15', '83', ''),
    ('198', 'KR02', 'KJ15', '67', ''),
    ('199', 'KR03', 'KJ15', '88', ''),
    ('200', 'KR04', 'KJ15', '73', ''),
    ('201', 'KR05', 'KJ15', '79', ''),
    ('202', 'KR06', 'KJ15', '83', ''),
    ('203', 'KR07', 'KJ15', '70', ''),
    ('204', 'KR08', 'KJ15', '70', ''),
    ('205', 'KR09', 'KJ15', '80', ''),
    ('206', 'KR10', 'KJ15', '75', ''),
    ('207', 'KR11', 'KJ15', '67', ''),
    ('208', 'KR12', 'KJ15', '83', ''),
    ('209', 'KR13', 'KJ15', '67', ''),
    ('210', 'KR14', 'KJ15', '58', ''),

-- 16) MISYANI
    ('211', 'KR01', 'KJ16', '92', ''),
    ('212', 'KR02', 'KJ16', '67', ''),
    ('213', 'KR03', 'KJ16', '63', ''),
    ('214', 'KR04', 'KJ16', '91', ''),
    ('215', 'KR05', 'KJ16', '64', ''),
    ('216', 'KR06', 'KJ16', '67', ''),
    ('217', 'KR07', 'KJ16', '70', ''),
    ('218', 'KR08', 'KJ16', '80', ''),
    ('219', 'KR09', 'KJ16', '70', ''),
    ('220', 'KR10', 'KJ16', '69', ''),
    ('221', 'KR11', 'KJ16', '83', ''),
    ('222', 'KR12', 'KJ16', '67', ''),
    ('223', 'KR13', 'KJ16', '50', ''),
    ('224', 'KR14', 'KJ16', '50', ''),

-- 17) IBNU ATHOILLAH 
    ('225', 'KR01', 'KJ17', '83', ''),
    ('226', 'KR02', 'KJ17', '92', ''),
    ('227', 'KR03', 'KJ17', '63', ''),
    ('228', 'KR04', 'KJ17', '77', ''),
    ('229', 'KR05', 'KJ17', '71', ''),
    ('230', 'KR06', 'KJ17', '67', ''),
    ('231', 'KR07', 'KJ17', '70', ''),
    ('232', 'KR08', 'KJ17', '70', ''),
    ('233', 'KR09', 'KJ17', '70', ''),
    ('234', 'KR10', 'KJ17', '69', ''),
    ('235', 'KR11', 'KJ17', '83', ''),
    ('236', 'KR12', 'KJ17', '100', ''),
    ('237', 'KR13', 'KJ17', '67', ''),
    ('238', 'KR14', 'KJ17', '75', ''),

-- 18) MUGI SANTOSO 
    ('239', 'KR01', 'KJ18', '75', ''),
    ('240', 'KR02', 'KJ18', '100', ''),
    ('241', 'KR03', 'KJ18', '63', ''),
    ('242', 'KR04', 'KJ18', '82', ''),
    ('243', 'KR05', 'KJ18', '79', ''),
    ('244', 'KR06', 'KJ18', '100', ''),
    ('245', 'KR07', 'KJ18', '100', ''),
    ('246', 'KR08', 'KJ18', '100', ''),
    ('247', 'KR09', 'KJ18', '100', ''),
    ('248', 'KR10', 'KJ18', '100', ''),
    ('249', 'KR11', 'KJ18', '100', ''),
    ('250', 'KR12', 'KJ18', '100', ''),
    ('251', 'KR13', 'KJ18', '67', ''),
    ('252', 'KR14', 'KJ18', '58', ''),

-- 19) NUNUNG NURJANA
    ('253', 'KR01', 'KJ19', '92', ''),
    ('254', 'KR02', 'KJ19', '83', ''),
    ('255', 'KR03', 'KJ19', '63', ''),
    ('256', 'KR04', 'KJ19', '91', ''),
    ('257', 'KR05', 'KJ19', '86', ''),
    ('258', 'KR06', 'KJ19', '67', ''),
    ('259', 'KR07', 'KJ19', '80', ''),
    ('260', 'KR08', 'KJ19', '80', ''),
    ('261', 'KR09', 'KJ19', '100', ''),
    ('262', 'KR10', 'KJ19', '88', ''),
    ('263', 'KR11', 'KJ19', '100', ''),
    ('264', 'KR12', 'KJ19', '100', ''),
    ('265', 'KR13', 'KJ19', '100', ''),
    ('266', 'KR14', 'KJ19', '75', ''),

-- 20) NURMALA MEIRTA SITUMORANG 
    ('267', 'KR01', 'KJ20', '92', ''),
    ('268', 'KR02', 'KJ20', '92', ''),
    ('269', 'KR03', 'KJ20', '88', ''),
    ('270', 'KR04', 'KJ20', '86', ''),
    ('271', 'KR05', 'KJ20', '86', ''),
    ('272', 'KR06', 'KJ20', '83', ''),
    ('273', 'KR07', 'KJ20', '80', ''),
    ('274', 'KR08', 'KJ20', '80', ''),
    ('275', 'KR09', 'KJ20', '80', ''),
    ('276', 'KR10', 'KJ20', '81', ''),
    ('277', 'KR11', 'KJ20', '67', ''),
    ('278', 'KR12', 'KJ20', '50', ''),
    ('279', 'KR13', 'KJ20', '83', ''),
    ('280', 'KR14', 'KJ20', '75', ''),

-- 21) PRAMONO
    ('281', 'KR01', 'KJ21', '83', ''),
    ('282', 'KR02', 'KJ21', '67', ''),
    ('283', 'KR03', 'KJ21', '63', ''),
    ('284', 'KR04', 'KJ21', '91', ''),
    ('285', 'KR05', 'KJ21', '71', ''),
    ('286', 'KR06', 'KJ21', '83', ''),
    ('287', 'KR07', 'KJ21', '80', ''),
    ('288', 'KR08', 'KJ21', '100', ''),
    ('289', 'KR09', 'KJ21', '100', ''),
    ('290', 'KR10', 'KJ21', '75', ''),
    ('291', 'KR11', 'KJ21', '67', ''),
    ('292', 'KR12', 'KJ21', '50', ''),
    ('293', 'KR13', 'KJ21', '67', ''),
    ('294', 'KR14', 'KJ21', '75', ''),

-- 22) REFNIATI
    ('295', 'KR01', 'KJ22', '67', ''),
    ('296', 'KR02', 'KJ22', '67', ''),
    ('297', 'KR03', 'KJ22', '88', ''),
    ('298', 'KR04', 'KJ22', '82', ''),
    ('299', 'KR05', 'KJ22', '71', ''),
    ('300', 'KR06', 'KJ22', '67', ''),
    ('301', 'KR07', 'KJ22', '80', ''),
    ('302', 'KR08', 'KJ22', '80', ''),
    ('303', 'KR09', 'KJ22', '100', ''),
    ('304', 'KR10', 'KJ22', '75', ''),
    ('305', 'KR11', 'KJ22', '67', ''),
    ('306', 'KR12', 'KJ22', '83', ''),
    ('307', 'KR13', 'KJ22', '50', ''),
    ('308', 'KR14', 'KJ22', '50', ''),

-- 23) RITA YULMIATI 
    ('309', 'KR01', 'KJ23', '75', ''),
    ('310', 'KR02', 'KJ23', '100', ''),
    ('311', 'KR03', 'KJ23', '63', ''),
    ('312', 'KR04', 'KJ23', '82', ''),
    ('313', 'KR05', 'KJ23', '79', ''),
    ('314', 'KR06', 'KJ23', '100', ''),
    ('315', 'KR07', 'KJ23', '100', ''),
    ('316', 'KR08', 'KJ23', '70', ''),
    ('317', 'KR09', 'KJ23', '70', ''),
    ('318', 'KR10', 'KJ23', '75', ''),
    ('319', 'KR11', 'KJ23', '67', ''),
    ('320', 'KR12', 'KJ23', '67', ''),
    ('321', 'KR13', 'KJ23', '67', ''),
    ('322', 'KR14', 'KJ23', '58', ''),

-- 24) SETYORINI NURUL SAFITRI 
    ('323', 'KR01', 'KJ24', '92', ''),
    ('324', 'KR02', 'KJ24', '67', ''),
    ('325', 'KR03', 'KJ24', '63', ''),
    ('326', 'KR04', 'KJ24', '82', ''),
    ('327', 'KR05', 'KJ24', '86', ''),
    ('328', 'KR06', 'KJ24', '67', ''),
    ('329', 'KR07', 'KJ24', '80', ''),
    ('330', 'KR08', 'KJ24', '80', ''),
    ('331', 'KR09', 'KJ24', '100', ''),
    ('332', 'KR10', 'KJ24', '75', ''),
    ('333', 'KR11', 'KJ24', '100', ''),
    ('334', 'KR12', 'KJ24', '83', ''),
    ('335', 'KR13', 'KJ24', '100', ''),
    ('336', 'KR14', 'KJ24', '83', ''),

-- 25) SIGIT WICAKSONO BUDI 
    ('337', 'KR01', 'KJ25', '75', ''),
    ('338', 'KR02', 'KJ25', '100', ''),
    ('339', 'KR03', 'KJ25', '63', ''),
    ('340', 'KR04', 'KJ25', '82', ''),
    ('341', 'KR05', 'KJ25', '79', ''),
    ('342', 'KR06', 'KJ25', '67', ''),
    ('343', 'KR07', 'KJ25', '80', ''),
    ('344', 'KR08', 'KJ25', '100', ''),
    ('345', 'KR09', 'KJ25', '70', ''),
    ('346', 'KR10', 'KJ25', '88', ''),
    ('347', 'KR11', 'KJ25', '83', ''),
    ('348', 'KR12', 'KJ25', '67', ''),
    ('349', 'KR13', 'KJ25', '67', ''),
    ('350', 'KR14', 'KJ25', '58', ''),

-- 26) SUGENG RUSMANTONO 
    ('351', 'KR01', 'KJ26', '92', ''),
    ('352', 'KR02', 'KJ26', '67', ''),
    ('353', 'KR03', 'KJ26', '63', ''),
    ('354', 'KR04', 'KJ26', '91', ''),
    ('355', 'KR05', 'KJ26', '64', ''),
    ('356', 'KR06', 'KJ26', '67', ''),
    ('357', 'KR07', 'KJ26', '70', ''),
    ('358', 'KR08', 'KJ26', '80', ''),
    ('359', 'KR09', 'KJ26', '70', ''),
    ('360', 'KR10', 'KJ26', '88', ''),
    ('361', 'KR11', 'KJ26', '83', ''),
    ('362', 'KR12', 'KJ26', '67', ''),
    ('363', 'KR13', 'KJ26', '50', ''),
    ('364', 'KR14', 'KJ26', '50', ''),

-- 27) TITIK RAHMAWATI 
    ('365', 'KR01', 'KJ27', '67', ''),
    ('366', 'KR02', 'KJ27', '67', ''),
    ('367', 'KR03', 'KJ27', '63', ''),
    ('368', 'KR04', 'KJ27', '82', ''),
    ('369', 'KR05', 'KJ27', '71', ''),
    ('370', 'KR06', 'KJ27', '75', ''),
    ('371', 'KR07', 'KJ27', '80', ''),
    ('372', 'KR08', 'KJ27', '80', ''),
    ('373', 'KR09', 'KJ27', '100', ''),
    ('374', 'KR10', 'KJ27', '75', ''),
    ('375', 'KR11', 'KJ27', '83', ''),
    ('376', 'KR12', 'KJ27', '83', ''),
    ('377', 'KR13', 'KJ27', '67', ''),
    ('378', 'KR14', 'KJ27', '75', ''),

-- 28) UMI HARTI 
    ('379', 'KR01', 'KJ28', '75', ''),
    ('380', 'KR02', 'KJ28', '75', ''),
    ('381', 'KR03', 'KJ28', '75', ''),
    ('382', 'KR04', 'KJ28', '73', ''),
    ('383', 'KR05', 'KJ28', '71', ''),
    ('384', 'KR06', 'KJ28', '67', ''),
    ('385', 'KR07', 'KJ28', '80', ''),
    ('386', 'KR08', 'KJ28', '80', ''),
    ('387', 'KR09', 'KJ28', '70', ''),
    ('388', 'KR10', 'KJ28', '75', ''),
    ('389', 'KR11', 'KJ28', '83', ''),
    ('390', 'KR12', 'KJ28', '83', ''),
    ('391', 'KR13', 'KJ28', '67', ''),
    ('392', 'KR14', 'KJ28', '50', ''),

-- 29) WIWIK SETYARINI 
    ('393', 'KR01', 'KJ29', '83', ''),
    ('394', 'KR02', 'KJ29', '67', ''),
    ('395', 'KR03', 'KJ29', '50', ''),
    ('396', 'KR04', 'KJ29', '91', ''),
    ('397', 'KR05', 'KJ29', '71', ''),
    ('398', 'KR06', 'KJ29', '100', ''),
    ('399', 'KR07', 'KJ29', '90', ''),
    ('400', 'KR08', 'KJ29', '100', ''),
    ('401', 'KR09', 'KJ29', '100', ''),
    ('402', 'KR10', 'KJ29', '88', ''),
    ('403', 'KR11', 'KJ29', '83', ''),
    ('404', 'KR12', 'KJ29', '83', ''),
    ('405', 'KR13', 'KJ29', '83', ''),
    ('406', 'KR14', 'KJ29', '83', ''),

-- 30) WIWIT HARIYANTI
    ('407', 'KR01', 'KJ30', '67', ''),
    ('408', 'KR02', 'KJ30', '67', ''),
    ('409', 'KR03', 'KJ30', '63', ''),
    ('410', 'KR04', 'KJ30', '73', ''),
    ('411', 'KR05', 'KJ30', '71', ''),
    ('412', 'KR06', 'KJ30', '92', ''),
    ('413', 'KR07', 'KJ30', '90', ''),
    ('414', 'KR08', 'KJ30', '70', ''),
    ('415', 'KR09', 'KJ30', '90', ''),
    ('416', 'KR10', 'KJ30', '88', ''),
    ('417', 'KR11', 'KJ30', '83', ''),
    ('418', 'KR12', 'KJ30', '83', ''),
    ('419', 'KR13', 'KJ30', '67', ''),
    ('420', 'KR14', 'KJ30', '67', ''),

-- 31) YENNI ZIRTA
    ('421', 'KR01', 'KJ31', '83', ''),
    ('422', 'KR02', 'KJ31', '67', ''),
    ('423', 'KR03', 'KJ31', '63', ''),
    ('424', 'KR04', 'KJ31', '91', ''),
    ('425', 'KR05', 'KJ31', '71', ''),
    ('426', 'KR06', 'KJ31', '83', ''),
    ('427', 'KR07', 'KJ31', '80', ''),
    ('428', 'KR08', 'KJ31', '100', ''),
    ('429', 'KR09', 'KJ31', '100', ''),
    ('430', 'KR10', 'KJ31', '75', ''),
    ('431', 'KR11', 'KJ31', '67', ''),
    ('432', 'KR12', 'KJ31', '50', ''),
    ('433', 'KR13', 'KJ31', '67', ''),
    ('434', 'KR14', 'KJ31', '75', '');

-- --------------------------------------------------------
--
-- Table structure for table `sk`
--
CREATE TABLE `sk` (
  `no_sk` varchar(50) NOT NULL,
  `tgl_sk` date NOT NULL,
  `periode` char(4) NOT NULL,
  `id_kinerja` varchar(10) NOT NULL
) ENGINE = InnoDB DEFAULT CHARSET = utf8mb4;

--
-- Dumping data for table `sk`
--
INSERT INTO
  `sk` (`no_sk`, `tgl_sk`, `periode`, `id_kinerja`)
VALUES
  ('', '', '','');

-- --------------------------------------------------------
--
-- Table structure for table `user`
--
CREATE TABLE `user` (
  `id_user` varchar(10) NOT NULL,
  `nama` varchar(20) DEFAULT NULL,
  `username` varchar(50) DEFAULT NULL,
  `password` varchar(50) DEFAULT NULL
) ENGINE = InnoDB DEFAULT CHARSET = utf8mb4;

--
-- Dumping data for table `user`
--
INSERT INTO
  `user` (`id_user`, `nama`, `username`, `password`)
VALUES
  (
    'US01',
    'admin',
    'admin',
    '21232f297a57a5a743894a0e4a801fc3'
  );

--
-- Indexes for dumped tables
--
--
-- Indexes for table `guru`
--
ALTER TABLE
  `guru`
ADD
  PRIMARY KEY (`id_guru`);

--
-- Indexes for table `kinerja`
--
ALTER TABLE
  `kinerja`
ADD
  PRIMARY KEY (`id_kinerja`);

--
-- Indexes for table `kriteria`
--
ALTER TABLE
  `kriteria`
ADD
  PRIMARY KEY (`id_kriteria`);

--
-- Indexes for table `nilai`
--
ALTER TABLE
  `nilai`
ADD
  PRIMARY KEY (`id_nilai`);

--
-- Indexes for table `sk`
--
ALTER TABLE
  `sk`
ADD
  PRIMARY KEY (`no_sk`);

--
-- Indexes for table `user`
--
ALTER TABLE
  `user`
ADD
  PRIMARY KEY (`id_user`);

--
-- AUTO_INCREMENT for dumped tables
--
--
-- AUTO_INCREMENT for table `nilai`
--
ALTER TABLE
  `nilai`
MODIFY
  `id_nilai` int(11) NOT NULL AUTO_INCREMENT,
  AUTO_INCREMENT = 51;

COMMIT;

/*!40101 SET CHARACTER_SET_CLIENT=@OLD_CHARACTER_SET_CLIENT */
;

/*!40101 SET CHARACTER_SET_RESULTS=@OLD_CHARACTER_SET_RESULTS */
;

/*!40101 SET COLLATION_CONNECTION=@OLD_COLLATION_CONNECTION */
;